<?xml version="1.0" encoding="UTF-8"?>
<GenRun Id="impl_1" LaunchPart="xc7z010clg400-1" LaunchTime="1702558035">
  <File Type="ROUTE-PWR" Name="program_counter_power_routed.rpt"/>
  <File Type="PA-TCL" Name="program_counter.tcl"/>
  <File Type="ROUTE-PWR-SUM" Name="program_counter_power_summary_routed.pb"/>
  <File Type="REPORTS-TCL" Name="program_counter_reports.tcl"/>
  <File Type="OPT-RQA-PB" Name="program_counter_rqa_opted.pb"/>
  <File Type="BITSTR-MMI" Name="program_counter.mmi"/>
  <File Type="OPT-METHODOLOGY-DRC" Name="program_counter_methodology_drc_opted.rpt"/>
  <File Type="INIT-TIMING" Name="program_counter_timing_summary_init.rpt"/>
  <File Type="OPT-TIMING" Name="program_counter_timing_summary_opted.rpt"/>
  <File Type="OPT-DCP" Name="program_counter_opt.dcp"/>
  <File Type="OPT-DRC" Name="program_counter_drc_opted.rpt"/>
  <File Type="OPT-HWDEF" Name="program_counter.hwdef"/>
  <File Type="PWROPT-DCP" Name="program_counter_pwropt.dcp"/>
  <File Type="PWROPT-DRC" Name="program_counter_drc_pwropted.rpt"/>
  <File Type="PWROPT-TIMING" Name="program_counter_timing_summary_pwropted.rpt"/>
  <File Type="PLACE-DCP" Name="program_counter_placed.dcp"/>
  <File Type="PLACE-IO" Name="program_counter_io_placed.rpt"/>
  <File Type="PLACE-CLK" Name="program_counter_clock_utilization_placed.rpt"/>
  <File Type="PLACE-UTIL" Name="program_counter_utilization_placed.rpt"/>
  <File Type="PLACE-UTIL-PB" Name="program_counter_utilization_placed.pb"/>
  <File Type="PLACE-CTRL" Name="program_counter_control_sets_placed.rpt"/>
  <File Type="PLACE-SIMILARITY" Name="program_counter_incremental_reuse_placed.rpt"/>
  <File Type="PLACE-PRE-SIMILARITY" Name="program_counter_incremental_reuse_pre_placed.rpt"/>
  <File Type="BG-BIN" Name="program_counter.bin"/>
  <File Type="PLACE-TIMING" Name="program_counter_timing_summary_placed.rpt"/>
  <File Type="ROUTE-PWR-RPX" Name="program_counter_power_routed.rpx"/>
  <File Type="PLACE-RQA-PB" Name="program_counter_rqa_placed.pb"/>
  <File Type="POSTPLACE-PWROPT-DCP" Name="program_counter_postplace_pwropt.dcp"/>
  <File Type="BITSTR-MSK" Name="program_counter.msk"/>
  <File Type="POSTPLACE-PWROPT-TIMING" Name="program_counter_timing_summary_postplace_pwropted.rpt"/>
  <File Type="PHYSOPT-DCP" Name="program_counter_physopt.dcp"/>
  <File Type="PHYSOPT-DRC" Name="program_counter_drc_physopted.rpt"/>
  <File Type="BITSTR-RBT" Name="program_counter.rbt"/>
  <File Type="PHYSOPT-TIMING" Name="program_counter_timing_summary_physopted.rpt"/>
  <File Type="ROUTE-ERROR-DCP" Name="program_counter_routed_error.dcp"/>
  <File Type="ROUTE-DCP" Name="program_counter_routed.dcp"/>
  <File Type="ROUTE-BLACKBOX-DCP" Name="program_counter_routed_bb.dcp"/>
  <File Type="ROUTE-DRC" Name="program_counter_drc_routed.rpt"/>
  <File Type="ROUTE-DRC-PB" Name="program_counter_drc_routed.pb"/>
  <File Type="ROUTE-DRC-RPX" Name="program_counter_drc_routed.rpx"/>
  <File Type="ROUTE-METHODOLOGY-DRC" Name="program_counter_methodology_drc_routed.rpt"/>
  <File Type="ROUTE-METHODOLOGY-DRC-RPX" Name="program_counter_methodology_drc_routed.rpx"/>
  <File Type="ROUTE-METHODOLOGY-DRC-PB" Name="program_counter_methodology_drc_routed.pb"/>
  <File Type="ROUTE-RQS-PB" Name="program_counter_rqs_routed.pb"/>
  <File Type="ROUTE-STATUS" Name="program_counter_route_status.rpt"/>
  <File Type="ROUTE-STATUS-PB" Name="program_counter_route_status.pb"/>
  <File Type="ROUTE-TIMINGSUMMARY" Name="program_counter_timing_summary_routed.rpt"/>
  <File Type="ROUTE-TIMING-PB" Name="program_counter_timing_summary_routed.pb"/>
  <File Type="ROUTE-TIMING-RPX" Name="program_counter_timing_summary_routed.rpx"/>
  <File Type="ROUTE-SIMILARITY" Name="program_counter_incremental_reuse_routed.rpt"/>
  <File Type="ROUTE-CLK" Name="program_counter_clock_utilization_routed.rpt"/>
  <File Type="ROUTE-BUS-SKEW" Name="program_counter_bus_skew_routed.rpt"/>
  <File Type="ROUTE-BUS-SKEW-PB" Name="program_counter_bus_skew_routed.pb"/>
  <File Type="ROUTE-BUS-SKEW-RPX" Name="program_counter_bus_skew_routed.rpx"/>
  <File Type="POSTROUTE-PHYSOPT-DCP" Name="program_counter_postroute_physopt.dcp"/>
  <File Type="POSTROUTE-PHYSOPT-BLACKBOX-DCP" Name="program_counter_postroute_physopt_bb.dcp"/>
  <File Type="POSTROUTE-PHYSOPT-TIMING" Name="program_counter_timing_summary_postroute_physopted.rpt"/>
  <File Type="POSTROUTE-PHYSOPT-TIMING-PB" Name="program_counter_timing_summary_postroute_physopted.pb"/>
  <File Type="POSTROUTE-PHYSOPT-TIMING-RPX" Name="program_counter_timing_summary_postroute_physopted.rpx"/>
  <File Type="POSTROUTE-PHYSOPT-BUS-SKEW" Name="program_counter_bus_skew_postroute_physopted.rpt"/>
  <File Type="BG-BIT" Name="program_counter.bit"/>
  <File Type="POSTROUTE-PHYSOPT-BUS-SKEW-PB" Name="program_counter_bus_skew_postroute_physopted.pb"/>
  <File Type="POSTROUTE-PHYSOPT-BUS-SKEW-RPX" Name="program_counter_bus_skew_postroute_physopted.rpx"/>
  <File Type="BITSTR-NKY" Name="program_counter.nky"/>
  <File Type="BITSTR-BMM" Name="program_counter_bd.bmm"/>
  <File Type="PDI-FILE" Name="program_counter.pdi"/>
  <File Type="BOOT-PDI-FILE" Name="program_counter_boot.pdi"/>
  <File Type="PL-PDI-FILE" Name="program_counter_pld.pdi"/>
  <File Type="RCFI_FILE" Name="program_counter.rcfi"/>
  <File Type="CFI_FILE" Name="program_counter.cfi"/>
  <File Type="RNPI_FILE" Name="program_counter.rnpi"/>
  <File Type="NPI_FILE" Name="program_counter.npi"/>
  <File Type="RBD_FILE" Name="program_counter.rbd"/>
  <File Type="BITSTR-LTX" Name="debug_nets.ltx"/>
  <File Type="BITSTR-LTX" Name="program_counter.ltx"/>
  <File Type="BITSTR-SYSDEF" Name="program_counter.sysdef"/>
  <File Type="BG-BGN" Name="program_counter.bgn"/>
  <File Type="BG-DRC" Name="program_counter.drc"/>
  <File Type="RDI-RDI" Name="program_counter.vdi"/>
  <File Type="WBT-USG" Name="usage_statistics_webtalk.html"/>
  <File Type="ROUTE-RQS" Name="program_counter_routed.rqs"/>
  <File Type="POSTROUTE-PHYSOPT-RQS" Name="program_counter_postroute_physopted.rqs"/>
  <File Type="ROUTE-RQS-RPT" Name="route_report_qor_suggestions_0.rpt"/>
  <File Type="POSTROUTE-PHYSOPT-RQS-RPT" Name="postroute_physopt_report_qor_suggestions_0.rpt"/>
  <FileSet Name="sources" Type="DesignSrcs" RelSrcDir="$PSRCDIR/sources_1" RelGenDir="$PGENDIR/sources_1">
    <Filter Type="Srcs"/>
    <File Path="$PSRCDIR/sources_1/new/program_counter.v">
      <FileInfo>
        <Attr Name="UsedIn" Val="synthesis"/>
        <Attr Name="UsedIn" Val="implementation"/>
        <Attr Name="UsedIn" Val="simulation"/>
      </FileInfo>
    </File>
    <File Path="$PSRCDIR/sources_1/new/adder.v">
      <FileInfo>
        <Attr Name="AutoDisabled" Val="1"/>
        <Attr Name="UsedIn" Val="synthesis"/>
        <Attr Name="UsedIn" Val="implementation"/>
        <Attr Name="UsedIn" Val="simulation"/>
      </FileInfo>
    </File>
    <File Path="$PSRCDIR/sources_1/new/instruction_memory.v">
      <FileInfo>
        <Attr Name="AutoDisabled" Val="1"/>
        <Attr Name="UsedIn" Val="synthesis"/>
        <Attr Name="UsedIn" Val="implementation"/>
        <Attr Name="UsedIn" Val="simulation"/>
      </FileInfo>
    </File>
    <File Path="$PSRCDIR/sources_1/new/if_id_register.v">
      <FileInfo>
        <Attr Name="AutoDisabled" Val="1"/>
        <Attr Name="UsedIn" Val="synthesis"/>
        <Attr Name="UsedIn" Val="implementation"/>
        <Attr Name="UsedIn" Val="simulation"/>
      </FileInfo>
    </File>
    <File Path="$PSRCDIR/sources_1/new/control_unit.v">
      <FileInfo>
        <Attr Name="AutoDisabled" Val="1"/>
        <Attr Name="UsedIn" Val="synthesis"/>
        <Attr Name="UsedIn" Val="implementation"/>
        <Attr Name="UsedIn" Val="simulation"/>
      </FileInfo>
    </File>
    <File Path="$PSRCDIR/sources_1/new/regrt_mux.v">
      <FileInfo>
        <Attr Name="AutoDisabled" Val="1"/>
        <Attr Name="UsedIn" Val="synthesis"/>
        <Attr Name="UsedIn" Val="implementation"/>
        <Attr Name="UsedIn" Val="simulation"/>
      </FileInfo>
    </File>
    <File Path="$PSRCDIR/sources_1/new/register_file.v">
      <FileInfo>
        <Attr Name="AutoDisabled" Val="1"/>
        <Attr Name="UsedIn" Val="synthesis"/>
        <Attr Name="UsedIn" Val="implementation"/>
        <Attr Name="UsedIn" Val="simulation"/>
      </FileInfo>
    </File>
    <File Path="$PSRCDIR/sources_1/new/immediate_extender.v">
      <FileInfo>
        <Attr Name="AutoDisabled" Val="1"/>
        <Attr Name="UsedIn" Val="synthesis"/>
        <Attr Name="UsedIn" Val="implementation"/>
        <Attr Name="UsedIn" Val="simulation"/>
      </FileInfo>
    </File>
    <File Path="$PSRCDIR/sources_1/new/id_exe_register.v">
      <FileInfo>
        <Attr Name="AutoDisabled" Val="1"/>
        <Attr Name="UsedIn" Val="synthesis"/>
        <Attr Name="UsedIn" Val="implementation"/>
        <Attr Name="UsedIn" Val="simulation"/>
      </FileInfo>
    </File>
    <File Path="$PSRCDIR/sources_1/new/alu_mux.v">
      <FileInfo>
        <Attr Name="AutoDisabled" Val="1"/>
        <Attr Name="UsedIn" Val="synthesis"/>
        <Attr Name="UsedIn" Val="implementation"/>
        <Attr Name="UsedIn" Val="simulation"/>
      </FileInfo>
    </File>
    <File Path="$PSRCDIR/sources_1/new/alu.v">
      <FileInfo>
        <Attr Name="AutoDisabled" Val="1"/>
        <Attr Name="UsedIn" Val="synthesis"/>
        <Attr Name="UsedIn" Val="implementation"/>
        <Attr Name="UsedIn" Val="simulation"/>
      </FileInfo>
    </File>
    <File Path="$PSRCDIR/sources_1/new/exe_mem_register.v">
      <FileInfo>
        <Attr Name="AutoDisabled" Val="1"/>
        <Attr Name="UsedIn" Val="synthesis"/>
        <Attr Name="UsedIn" Val="implementation"/>
        <Attr Name="UsedIn" Val="simulation"/>
      </FileInfo>
    </File>
    <File Path="$PSRCDIR/sources_1/new/data_memory.v">
      <FileInfo>
        <Attr Name="AutoDisabled" Val="1"/>
        <Attr Name="UsedIn" Val="synthesis"/>
        <Attr Name="UsedIn" Val="implementation"/>
        <Attr Name="UsedIn" Val="simulation"/>
      </FileInfo>
    </File>
    <File Path="$PSRCDIR/sources_1/new/mem_wb_register.v">
      <FileInfo>
        <Attr Name="AutoDisabled" Val="1"/>
        <Attr Name="UsedIn" Val="synthesis"/>
        <Attr Name="UsedIn" Val="implementation"/>
        <Attr Name="UsedIn" Val="simulation"/>
      </FileInfo>
    </File>
    <File Path="$PSRCDIR/sources_1/new/wb_mux.v">
      <FileInfo>
        <Attr Name="AutoDisabled" Val="1"/>
        <Attr Name="UsedIn" Val="synthesis"/>
        <Attr Name="UsedIn" Val="implementation"/>
        <Attr Name="UsedIn" Val="simulation"/>
      </FileInfo>
    </File>
    <File Path="$PSRCDIR/sources_1/new/fwda_mux.v">
      <FileInfo>
        <Attr Name="AutoDisabled" Val="1"/>
        <Attr Name="UsedIn" Val="synthesis"/>
        <Attr Name="UsedIn" Val="implementation"/>
        <Attr Name="UsedIn" Val="simulation"/>
      </FileInfo>
    </File>
    <File Path="$PSRCDIR/sources_1/new/fwdb_mux.v">
      <FileInfo>
        <Attr Name="AutoDisabled" Val="1"/>
        <Attr Name="UsedIn" Val="synthesis"/>
        <Attr Name="UsedIn" Val="implementation"/>
        <Attr Name="UsedIn" Val="simulation"/>
      </FileInfo>
    </File>
    <Config>
      <Option Name="DesignMode" Val="RTL"/>
      <Option Name="TopModule" Val="program_counter"/>
      <Option Name="TopAutoSet" Val="TRUE"/>
    </Config>
  </FileSet>
  <FileSet Name="constrs_in" Type="Constrs" RelSrcDir="$PSRCDIR/constrs_1" RelGenDir="$PGENDIR/constrs_1">
    <Filter Type="Constrs"/>
    <Config>
      <Option Name="ConstrsType" Val="XDC"/>
    </Config>
  </FileSet>
  <FileSet Name="utils" Type="Utils" RelSrcDir="$PSRCDIR/utils_1" RelGenDir="$PGENDIR/utils_1">
    <Filter Type="Utils"/>
    <File Path="$PSRCDIR/utils_1/imports/synth_1/program_counter.dcp">
      <FileInfo>
        <Attr Name="UsedIn" Val="synthesis"/>
        <Attr Name="UsedIn" Val="implementation"/>
        <Attr Name="UsedInSteps" Val="synth_1"/>
        <Attr Name="AutoDcp" Val="1"/>
      </FileInfo>
    </File>
    <Config>
      <Option Name="TopAutoSet" Val="TRUE"/>
    </Config>
  </FileSet>
  <Strategy Version="1" Minor="2">
    <StratHandle Name="Vivado Implementation Defaults" Flow="Vivado Implementation 2023"/>
    <Step Id="init_design"/>
    <Step Id="opt_design"/>
    <Step Id="power_opt_design"/>
    <Step Id="place_design"/>
    <Step Id="post_place_power_opt_design"/>
    <Step Id="phys_opt_design"/>
    <Step Id="route_design"/>
    <Step Id="post_route_phys_opt_design"/>
    <Step Id="write_bitstream"/>
  </Strategy>
</GenRun>
